{
    "KCF": {
        "overall":{
            "ao": 0.15555883324877443,
            "sr_50": 0.09971661353170386,
            "sr_75": 0.024176408076514347,
            "speed_fps": 999.7667211353817,
            "succ_curve": [
                0.5592897626638328,
                0.5439691817215728,
                0.5272759475735034,
                0.508324477506199,
                0.48990435706695007,
                0.4740081473609635,
                0.4578905419766206,
                0.44301275239107335,
                0.42924194119730785,
                0.4161353170386114,
                0.4027187389302161,
                0.39169323414806945,
                0.38102196245129294,
                0.3698193411264612,
                0.3577754162238753,
                0.34891958908962095,
                0.33997520368402406,
                0.3283297910024796,
                0.3186769394261424,
                0.309643995749203,
                0.3001239815798796,
                0.2910910379029401,
                0.2817481402763018,
                0.2730251505490613,
                0.26540913921360254,
                0.25761601133545875,
                0.2501328374070138,
                0.24145412681544456,
                0.2333953241232731,
                0.22564647538080057,
                0.21847325540205456,
                0.21099008147360965,
                0.20394969890187745,
                0.1972635494155154,
                0.1902231668437832,
                0.1842897626638328,
                0.17716082182075807,
                0.1713159759121502,
                0.16498405951115835,
                0.15936060928090684,
                0.15386999645766913,
                0.14820226709174636,
                0.14262309599716613,
                0.13797378675168262,
                0.13230605738575982,
                0.12694828196953595,
                0.12136911087495572,
                0.11583421891604676,
                0.11074211831385052,
                0.105605738575983,
                0.09971661353170386,
                0.09391604675876727,
                0.0894881331916401,
                0.08457314913212895,
                0.07970244420828905,
                0.07567304286220333,
                0.07213071200850159,
                0.06801275239107332,
                0.06433758413035777,
                0.06039674105561459,
                0.0566330145235565,
                0.052957846262840946,
                0.04976974849450939,
                0.04777718738930216,
                0.04547467233439603,
                0.04361494863620262,
                0.04131243358129649,
                0.03949698901877435,
                0.03710591569252568,
                0.03511335458731846,
                0.03298795607509741,
                0.031261069783917815,
                0.02948990435706695,
                0.02740878498051718,
                0.025726177825008856,
                0.024176408076514347,
                0.023025150549061284,
                0.0214311016648955,
                0.019925611052072262,
                0.018375841303577754,
                0.01695890896209706,
                0.015453418349273822,
                0.014302160821820759,
                0.01306234502302515,
                0.011822529224229543,
                0.010936946510804109,
                0.009829968119022316,
                0.008900106269925611,
                0.008103081827842721,
                0.0070403825717322,
                0.006199078993978037,
                0.005003542330853702,
                0.004472192702798442,
                0.004117959617428267,
                0.0036751682607155506,
                0.003188097768331562,
                0.0025239107332624866,
                0.002169677647892313,
                0.0016826071555083246,
                0.001151257527453064,
                0.0
            ]
        }
    },

    "STMTrack": {
        "overall":{
            "ao": 0.6339351716715189,
            "sr_50": 0.7235210768685795,
            "sr_75": 0.5734148069429684,
            "speed_fps": 24.531543143240526,
            "succ_curve": [
                0.8502036840240879,
                0.8478126106978392,
                0.8462185618136734,
                0.8445802337938364,
                0.8426762309599717,
                0.8409936238044633,
                0.8388239461565711,
                0.8362557562876373,
                0.832801983705278,
                0.8301009564293305,
                0.8269571377966702,
                0.8235476443499823,
                0.819739638682253,
                0.8165072617782501,
                0.813230605738576,
                0.8092012043924902,
                0.8056145944031172,
                0.8024264966347857,
                0.7988841657810839,
                0.7960945802337939,
                0.7936149486362026,
                0.7909582004959264,
                0.7879029401346086,
                0.7853347502656748,
                0.7828551186680835,
                0.7798441374424371,
                0.7771873893021608,
                0.7750177116542685,
                0.7727594757350337,
                0.7711211477151966,
                0.769217144881332,
                0.7674902585901523,
                0.7649663478568899,
                0.7627966702089976,
                0.7608483882394615,
                0.7589443854055968,
                0.7569961034360609,
                0.7549149840595112,
                0.7532766560396741,
                0.7514169323414807,
                0.7493358129649309,
                0.7472989727240524,
                0.7445979454481049,
                0.7416312433581297,
                0.7393287283032235,
                0.7367605384342898,
                0.7341480694296847,
                0.7320669500531349,
                0.7291002479631598,
                0.7263106624158696,
                0.7235210768685795,
                0.7204215373715905,
                0.7165692525681898,
                0.7132483173928444,
                0.710237336167198,
                0.7066950053134963,
                0.7038611406305348,
                0.699964576691463,
                0.6955366631243358,
                0.6912858660998937,
                0.6865037194473964,
                0.6811016648955013,
                0.6767623095997166,
                0.6714488133191641,
                0.6663124335812965,
                0.6602461919943323,
                0.6540913921360255,
                0.6467410556145944,
                0.6399663478568899,
                0.63266029047113,
                0.6243800921006022,
                0.6161884520014169,
                0.6064027630180658,
                0.5962628409493447,
                0.5848388239461566,
                0.5734148069429684,
                0.5611937654976975,
                0.5483085370173574,
                0.5342720510095643,
                0.519394261424017,
                0.5046493092454836,
                0.48738044633368754,
                0.4684289762663833,
                0.4487247608926674,
                0.4268065887353879,
                0.4024530641161885,
                0.3784094934466879,
                0.35082359192348567,
                0.3186326602904711,
                0.28524619199433227,
                0.24991144172865745,
                0.21001594048884165,
                0.17251151257527453,
                0.1342100602196245,
                0.09413744243712363,
                0.058669854764434995,
                0.030508324477506198,
                0.01177825008855827,
                0.002479631597591215,
                0.0002213956783563585,
                0.0
            ]
        }
    },

    "TATrack": {
        "overall":{
            "ao": 0.7645137477847468,
            "sr_50": 0.8747343251859724,