{
    "CQYKCF": {
        "ao": 0.15555883324877443,
        "sr_50": 0.09971661353170386,
        "sr_75": 0.024176408076514347,
        "speed_fps": 999.7667211353817,
        "succ_curve": [
            0.5592897626638328,
            0.5439691817215728,
            0.5272759475735034,
            0.508324477506199,
            0.48990435706695007,
            0.4740081473609635,
            0.4578905419766206,
            0.44301275239107335,
            0.42924194119730785,
            0.4161353170386114,
            0.4027187389302161,
            0.39169323414806945,
            0.38102196245129294,
            0.3698193411264612,
            0.3577754162238753,
            0.34891958908962095,
            0.33997520368402406,
            0.3283297910024796,
            0.3186769394261424,
            0.309643995749203,
            0.3001239815798796,
            0.2910910379029401,
            0.2817481402763018,
            0.2730251505490613,
            0.26540913921360254,
            0.25761601133545875,
            0.2501328374070138,
            0.24145412681544456,
            0.2333953241232731,
            0.22564647538080057,
            0.21847325540205456,
            0.21099008147360965,
            0.20394969890187745,
            0.1972635494155154,
            0.1902231668437832,
            0.1842897626638328,
            0.17716082182075807,
            0.1713159759121502,
            0.16498405951115835,
            0.15936060928090684,
            0.15386999645766913,
            0.14820226709174636,
            0.14262309599716613,
            0.13797378675168262,
            0.13230605738575982,
            0.12694828196953595,
            0.12136911087495572,
            0.11583421891604676,
            0.11074211831385052,
            0.105605738575983,
            0.09971661353170386,
            0.09391604675876727,
            0.0894881331916401,
            0.08457314913212895,
            0.07970244420828905,
            0.07567304286220333,
            0.07213071200850159,
            0.06801275239107332,
            0.06433758413035777,
            0.06039674105561459,
            0.0566330145235565,
            0.052957846262840946,
            0.04976974849450939,
            0.04777718738930216,
            0.04547467233439603,
            0.04361494863620262,
            0.04131243358129649,
            0.03949698901877435,
            0.03710591569252568,
            0.03511335458731846,
            0.03298795607509741,
            0.031261069783917815,
            0.02948990435706695,
            0.02740878498051718,
            0.025726177825008856,
            0.024176408076514347,
            0.023025150549061284,
            0.0214311016648955,
            0.019925611052072262,
            0.018375841303577754,
            0.01695890896209706,
            0.015453418349273822,
            0.014302160821820759,
            0.01306234502302515,
            0.011822529224229543,
            0.010936946510804109,
            0.009829968119022316,
            0.008900106269925611,
            0.008103081827842721,
            0.0070403825717322,
            0.006199078993978037,
            0.005003542330853702,
            0.004472192702798442,
            0.004117959617428267,
            0.0036751682607155506,
            0.003188097768331562,
            0.0025239107332624866,
            0.002169677647892313,
            0.0016826071555083246,
            0.001151257527453064,
            0.0
        ]
    }
}