{
    "CQYSTMTrack": {
        "ao": 0.6339351716715189,
        "sr_50": 0.7235210768685795,
        "sr_75": 0.5734148069429684,
        "speed_fps": 24.531543143240526,
        "succ_curve": [
            0.8502036840240879,
            0.8478126106978392,
            0.8462185618136734,
            0.8445802337938364,
            0.8426762309599717,
            0.8409936238044633,
            0.8388239461565711,
            0.8362557562876373,
            0.832801983705278,
            0.8301009564293305,
            0.8269571377966702,
            0.8235476443499823,
            0.819739638682253,
            0.8165072617782501,
            0.813230605738576,
            0.8092012043924902,
            0.8056145944031172,
            0.8024264966347857,
            0.7988841657810839,
            0.7960945802337939,
            0.7936149486362026,
            0.7909582004959264,
            0.7879029401346086,
            0.7853347502656748,
            0.7828551186680835,
            0.7798441374424371,
            0.7771873893021608,
            0.7750177116542685,
            0.7727594757350337,
            0.7711211477151966,
            0.769217144881332,
            0.7674902585901523,
            0.7649663478568899,
            0.7627966702089976,
            0.7608483882394615,
            0.7589443854055968,
            0.7569961034360609,
            0.7549149840595112,
            0.7532766560396741,
            0.7514169323414807,
            0.7493358129649309,
            0.7472989727240524,
            0.7445979454481049,
            0.7416312433581297,
            0.7393287283032235,
            0.7367605384342898,
            0.7341480694296847,
            0.7320669500531349,
            0.7291002479631598,
            0.7263106624158696,
            0.7235210768685795,
            0.7204215373715905,
            0.7165692525681898,
            0.7132483173928444,
            0.710237336167198,
            0.7066950053134963,
            0.7038611406305348,
            0.699964576691463,
            0.6955366631243358,
            0.6912858660998937,
            0.6865037194473964,
            0.6811016648955013,
            0.6767623095997166,
            0.6714488133191641,
            0.6663124335812965,
            0.6602461919943323,
            0.6540913921360255,
            0.6467410556145944,
            0.6399663478568899,
            0.63266029047113,
            0.6243800921006022,
            0.6161884520014169,
            0.6064027630180658,
            0.5962628409493447,
            0.5848388239461566,
            0.5734148069429684,
            0.5611937654976975,
            0.5483085370173574,
            0.5342720510095643,
            0.519394261424017,
            0.5046493092454836,
            0.48738044633368754,
            0.4684289762663833,
            0.4487247608926674,
            0.4268065887353879,
            0.4024530641161885,
            0.3784094934466879,
            0.35082359192348567,
            0.3186326602904711,
            0.28524619199433227,
            0.24991144172865745,
            0.21001594048884165,
            0.17251151257527453,
            0.1342100602196245,
            0.09413744243712363,
            0.058669854764434995,
            0.030508324477506198,
            0.01177825008855827,
            0.002479631597591215,
            0.0002213956783563585,
            0.0
        ]
    }
}