{
    "CQYTATrack": {
        "ao": 0.7645137477847468,
        "sr_50": 0.8747343251859724,
        "sr_75": 0.7438894792773645,
        "speed_fps": 9.3766300184308,
        "succ_curve": [
            0.9182164364151612,
            0.9167995040736805,
            0.9157368048175699,
            0.9148069429684732,
            0.9140541976620616,
            0.9131686149486362,
            0.9125044279135671,
            0.9114860077931278,
            0.9107332624867163,
            0.9098919589089621,
            0.9093163301452356,
            0.9086078639744952,
            0.908253630889125,
            0.9079436769394261,
            0.9075451647183846,
            0.9069695359546581,
            0.906615302869288,
            0.9059953949698902,
            0.9055083244775062,
            0.9047555791710946,
            0.9041799504073681,
            0.9035600425079703,
            0.9032500885582714,
            0.902364505844846,
            0.9016560396741056,
            0.9007704569606801,
            0.8997077577045696,
            0.8993978037548707,
            0.8987778958554729,
            0.8985565001771165,
            0.8976266383280198,
            0.8968738930216082,
            0.8960768685795253,
            0.895368402408785,
            0.8947042153737159,
            0.8940843074743181,
            0.8934643995749203,
            0.8925788168614949,
            0.891781792419412,
            0.8909404888416578,
            0.8899663478568899,
            0.8885494155154091,
            0.887708111937655,
            0.886246900460503,
            0.8846085724406659,
            0.8834573149132129,
            0.881686149486362,
            0.8801363797378675,
            0.8787637265320581,
            0.8768154445625221,
            0.8747343251859724,
            0.87256464753808,
            0.8696865037194474,
            0.8664541268154445,
            0.8639744952178533,
            0.8605207226354942,
            0.8570669500531349,
            0.8532146652497343,
            0.84958377612469,
            0.8456872121856182,
            0.8404622741764081,
            0.8360786397449522,
            0.8318278427205101,
            0.8271342543393553,
            0.8225735033652143,
            0.8175256818986893,
            0.8123007438894793,
            0.807031526744598,
            0.801673751328374,
            0.7955189514700673,
            0.787637265320581,
            0.7797555791710946,
            0.7714311016648955,
            0.7634165781083954,
            0.7543393552957847,
            0.7438894792773645,
            0.7335724406659582,
            0.7221041445270988,
            0.7103258944385406,
            0.6968207580588027,
            0.6828285511866808,
            0.6666223875309953,
            0.6486007793127878,
            0.6277453064116189,
            0.604144527098831,
            0.5820049592631952,
            0.5538434289762664,
            0.5236450584484591,
            0.4901257527453064,
            0.4544810485299327,
            0.4131243358129649,
            0.3654799858306766,
            0.31252213956783564,
            0.2550921006021962,
            0.19349982288345732,
            0.13748671625929862,
            0.08165072617782501,
            0.036973078285511864,
            0.009874247254693588,
            0.0007084661707403471,
            0.0
        ]
    }
}